age,monthly_income,years_employed,current_address_year,risk_score,inquiries_last_month,personal_account_months,avg_risk_score,avg_ext_quality_score,log_amount_requested,home_owner,has_debt,pay_schedule_bi-weekly,pay_schedule_monthly,pay_schedule_semi-monthly,pay_schedule_weekly
0.25138080967625925,-0.48324789658020934,0.6519276649980131,-0.9392595937800867,-1.048232132229014,0.14777447962427404,-0.3210650591667092,0.47692612267583934,0.4987288009786689,-0.26842536901291725,0,0,False,False,True,False
1.935906905950191,-0.021407246243336602,1.094470427773663,0.1509122129095103,-0.005606287598284439,2.3258365216913526,-0.8800081968829838,-1.7201112060091965,-1.0692388026539978,0.5001618295181394,0,0,False,True,False,False
-1.4331452865976726,-0.4001830314117071,-0.6757006233289365,1.9678652240588388,-1.8505018631442482,2.3258365216913526,-0.1490825552540093,0.2633410349104821,-1.2034766628977274,-1.329215859000767,1,1,False,False,False,True
-0.1697507143922237,1.2857014720482154,0.20938490222236325,-0.21247838932035537,1.1864301142069422,-0.12448327563411077,-0.3210650591667092,-0.4076957291351556,-0.3583896954880609,-1.329215859000767,1,1,True,False,False,False
-1.517371591411369,-0.16760140893990064,2.422098716100613,-0.9392595937800867,0.19902121461896155,-1.21351429666765,3.2475718970218135,0.68141595658854,1.6546664127717945,-0.26842536901291725,0,0,False,False,False,True
