age,monthly_income,years_employed,current_address_year,risk_score,inquiries_last_month,home_owner,has_debt,personal_account_months,avg_risk_score,avg_ext_quality_score,log_amount_requested
26.0,2655.0,2.0,2.0,59750.0,2.0,0.0,1.0,12.0,0.7590994765,0.782254,6.396929655216146
35.0,2575.0,1.0,2.0,68400.0,7.0,0.0,1.0,12.0,0.72479503875,0.591747,6.551080335043404
42.0,5220.0,3.0,4.0,31750.0,11.0,0.0,1.0,40.0,0.8327402315000001,0.7596499999999999,5.991464547107982
58.0,3200.0,6.0,3.0,67700.0,3.0,0.0,1.0,42.0,0.7971505375000001,0.843263,6.551080335043404
60.0,2075.0,2.0,0.0,44450.0,4.0,0.0,1.0,61.0,0.72434550175,0.6611689999999999,7.090076835776092
