Model,Accuracy,Precision,Recall,F1,ROC AUC
LogisticRegression (Lasso),0.5722260990928123,0.5825951016154247,0.7245625405055087,0.6458694396302715,0.594457009418587
SVC (Linear),0.5746685275645499,0.5819838056680162,0.7453013609850939,0.65359477124183,0.5935924020360646
SVC (RBF),0.6043265875785067,0.6112017400761284,0.728451069345431,0.664695446481372,0.6397266762973642
RandomForestClassifier (n=100),0.6270062805303559,0.6475716064757161,0.6740116655865198,0.6605271514766594,0.6814159378736733
XGBClassifier (n=100),0.6259595254710397,0.6480201131363922,0.6681788723266364,0.6579451180599873,0.6780687071400894
GradientBoostingClassifier (n=100),0.6290997906489881,0.6416765053128689,0.7044718081659106,0.6716095149830089,0.6866623656735684
