Model,Accuracy,Precision,Recall,F1,ROC AUC
LogisticRegression (Lasso),0.7605015673981191,0.7642094812608587,0.7623174052983411,0.763262270699058,0.834655301863739
RandomForestClassifier (n=100),0.7770532915360502,0.7878787878787878,0.7660311958405546,0.7768014059753954,0.8549929284496482
XGBClassifier (n=100),0.7709090909090909,0.7849046883049974,0.7543946521416192,0.7693473046332534,0.8562571520661357
