Model,Accuracy,Precision,Recall,F1,ROC AUC
LogisticRegression (Lasso),0.7598746081504703,0.7635235732009925,0.761822233226046,0.7626719543933572,0.8345903860127979
RandomForestClassifier (n=100),0.7747962382445142,0.786023973476154,0.7630601634067838,0.7743718592964824,0.8564457351292379
XGBClassifier (n=100),0.7709090909090909,0.7849046883049974,0.7543946521416192,0.7693473046332534,0.8562804890629372
