age,monthly_income,years_employed,current_address_year,risk_score,inquiries_last_month,home_owner,has_debt,personal_account_months,avg_risk_score,avg_ext_quality_score,log_amount_requested
-1.4227569399636484,-0.6668311373750587,-0.6769672322550017,-0.5729918912097148,-0.09552941660558925,-1.2017751388637963,-0.866267879880609,0.5107492355394543,-1.4308380647834884,0.5829640416524916,1.3798646915729422,-0.5560595241998753
-0.6694978797060105,-0.7199729997348528,-1.1187441516583567,-0.5729918912097148,0.46547221186680643,0.15169228235746876,-0.866267879880609,0.5107492355394543,-1.4308380647834884,0.09563418237907632,-0.278270548872791,-0.2652377878864292
-0.08362972172784754,1.0370298245358411,-0.23519031285164654,0.15767318871276564,-1.9114884451867544,1.2344662193344809,-0.866267879880609,0.5107492355394543,-0.23981851250412062,1.6291067894938576,1.183123947269397,-1.32101279515966
1.2554974965079533,-0.3048022000489611,1.0901404453584187,-0.20765935124847457,0.4200732361522773,-0.9310816546195433,-0.866267879880609,0.5107492355394543,-0.1547456873413086,1.1235185418449392,1.9108749583051554,-0.2652377878864292
1.4228883987874286,-1.0521096394835663,-0.6769672322550017,-1.3036569711321953,-1.0878213143660118,-0.6603881703752903,-0.866267879880609,0.5107492355394543,0.6534461517054052,0.08924804643524598,0.3259648055353068,0.751636729862105
