age,monthly_income,years_employed,current_address_year,risk_score,inquiries_last_month,personal_account_months,avg_risk_score,avg_ext_quality_score,log_amount_requested,home_owner,has_debt
-1.422756939963649,-0.666831137375059,-0.6769672322550015,-0.5729918912097149,-0.0955294166055893,-1.201775138863796,-1.4308380647834882,0.582964041652491,1.379864691572942,-0.5560595241998731,0.0,1.0
-0.6694978797060107,-0.719972999734853,-1.1187441516583567,-0.5729918912097149,0.4654722118668063,0.15169228235746882,-1.4308380647834882,0.09563418237907574,-0.2782705488727913,-0.26523778788642716,0.0,1.0
-0.08362972172784773,1.0370298245358414,-0.23519031285164652,0.15767318871276564,-1.9114884451867542,1.2344662193344809,-0.23981851250412065,1.6291067894938571,1.1831239472693968,-1.3210127951596577,0.0,1.0
1.2554974965079533,-0.3048022000489612,1.0901404453584185,-0.20765935124847462,0.42007323615227715,-0.9310816546195432,-0.15474568734130867,1.1235185418449387,1.9108749583051552,-0.26523778788642716,0.0,1.0
1.4228883987874283,-1.0521096394835663,-0.6769672322550015,-1.3036569711321955,-1.0878213143660116,-0.6603881703752902,0.6534461517054052,0.08924804643524538,0.3259648055353066,0.751636729862107,0.0,1.0
