age,monthly_income,years_employed,current_address_year,risk_score,inquiries_last_month,personal_account_months,avg_risk_score,avg_ext_quality_score,log_amount_requested,home_owner,has_debt,pay_schedule_bi-weekly,pay_schedule_monthly,pay_schedule_semi-monthly,pay_schedule_weekly
-1.4315516367699954,-0.6684937280832057,-0.6757200401401158,-0.5748725900402609,-0.09107774455197587,-1.2081701529730897,-1.4376925524611772,0.5853670414827864,1.3807141687054423,-0.5547354961686398,0,1,True,False,False,False
-0.6754131266521247,-0.7217245285817837,-1.117947783175625,-0.5748725900402609,0.46990725440951264,0.14884971526993493,-1.4376925524611772,0.09723682332496103,-0.2734230654422754,-0.2634614345716406,0,1,False,True,False,False
-0.08730539656044754,1.0382188129024537,-0.23349229710460645,0.1538792659828148,-1.906982943502459,1.2344656098643547,-0.23553308372292184,1.6332279061738861,1.184447795077832,-1.3208785258774707,0,1,True,False,False,False
1.2569408436491003,-0.3058588996866426,1.0931909320019215,-0.21049666202872305,0.4245096244357506,-0.9367661793244848,-0.14966455024161787,1.1268093132502857,1.9104440921104515,-0.2634614345716406,0,1,True,False,False,False
1.4249716236752936,-1.0544170316978967,-0.6757200401401158,-1.3036244460633366,-1.0833402282642042,-0.6653622056758799,0.6660865178307698,0.09084019920655562,0.3293553892549413,0.7549946639088193,0,1,False,True,False,False
