Model,Accuracy,Precision,Recall,F1
LogisticRegression (Lasso),0.774128854349461,0.7736494744561232,0.7832219747587231,0.7784062961141172
RandomForestClassifier (n=100),0.7822762597142141,0.7912032355915066,0.7745607522890373,0.7827935475803425
XGBClassifier (n=100),0.7876660817247431,0.8017485214708151,0.7715911902994308,0.7863808322824716
