Model,Accuracy,Precision,Recall,F1,ROC AUC
LogisticRegression (Lasso),0.5722260990928123,0.5825951016154247,0.7245625405055087,0.6458694396302715,0.5944579891436664
SVC (Linear),0.5746685275645499,0.5819838056680162,0.7453013609850939,0.65359477124183,0.5935723176719381
SVC (RBF),0.604675505931612,0.6114130434782609,0.729099157485418,0.6650901566656813,0.6397766422764108
RandomForestClassifier (n=100),0.6263084438241452,0.6460396039603961,0.6766040181464679,0.6609686609686609,0.6810580932884422
XGBClassifier (n=100),0.6259595254710397,0.6480201131363922,0.6681788723266364,0.6579451180599873,0.678198030850563
GradientBoostingClassifier (n=100),0.6290997906489881,0.6416765053128689,0.7044718081659106,0.6716095149830089,0.6867172302780118
